ID,Season,Team Name,Arena,Games (G),Wins (W),Losses (L),Win/Loss Percentage (W/L%),Minutes Played (MP),Pace Factor (Pace),Relative Pace,Offensive Rating (ORtg),Relative Offensive Rating,Defensive Rating (DRtg),Relative Defensive Rating,Points Per Game (Pts/G),Opponent Points Per Game (Opp Pts/G),Field Goals Made (FG),Field Goal Attempts (FGA),Field Goal Percentage (FG%),3-Point Field Goals Made (3P),3-Point Field Goal Attempts (3PA),3-Point Field Goal Percentage (3P%),2-Point Field Goals Made (2P),2-Point Field Goal Attempts (2PA),2-Point Field Goal Percentage (2P%),Effective Field Goal Percentage (eFG%),Free Throws Made (FT),Free Throw Attempts (FTA),Free Throw Percentage (FT%),FT/FGA,Offensive Rebounds (ORB),Offensive Rebound Percentage (ORB%),Defensive Rebounds (DRB),Defensive Rebound Percentage (DRB%),Total Rebounds (TRB),Total Rebounds Per Game,Total Rebound Percentage (TRB%),Assists (AST),Assist Percentage (AST%),Assists Per Game,Steals (STL),Steal Percentage (STL%),Steals Per Game,Blocks (BLK),Block Percentage (BLK%),Blocks Per Game,Turnovers (TOV),Turnover Percentage (TOV%),Turnovers Per Game,Personal Fouls (PF),Personal Fouls Per Game,Points (PTS),Points Per Game,Standing,Conference Standing,Playoff result,Conference Champion,Champion
0,2020,Milwaukee Bucks,Fiserv Forum,73,56,17,0.767,17595,105.1,4.8,112.4,1.8,102.9,-7.7,118.7,108.6,3160,6638,0.476,1007,2840,0.355,2153,3798,0.567,0.552,1336,1800,0.742,0.201,691,20.7,3083,81.6,3774,51.7,,1889,,25.9,526,,7.2,429,,5.9,1102,,15.1,1431,19.6,8663,118.7,1,1,Eastern Conference Semifinals,0,0
1,2020,Toronto Raptors,Scotiabank Arena,72,53,19,0.736,17380,100.9,0.6,111.1,0.5,105.0,-5.6,112.8,106.5,2897,6331,0.458,995,2663,0.374,1902,3668,0.519,0.536,1329,1670,0.796,0.21,685,21.3,2583,76.7,3268,45.4,,1816,,25.2,636,,8.8,358,,5.0,1067,,14.8,1559,21.7,8118,112.8,2,2,Eastern Conference Semifinals,0,0
2,2020,Boston Celtics,TD Garden,72,48,24,0.667,17430,99.5,-0.8,113.3,2.7,107.0,-3.6,113.7,107.3,2971,6448,0.461,905,2487,0.364,2066,3961,0.522,0.531,1336,1668,0.801,0.207,768,23.9,2549,77.4,3317,46.1,,1655,,23.0,595,,8.3,406,,5.6,995,,13.8,1553,21.6,8183,113.7,5,3,Eastern Conference Finals,0,0
3,2020,Indiana Pacers,Bankers Life Fieldhouse,73,45,28,0.616,17620,98.9,-1.4,110.0,-0.6,108.0,-2.6,109.4,107.5,3075,6457,0.476,743,2046,0.363,2332,4411,0.529,0.534,1096,1393,0.787,0.17,636,20.0,2489,76.7,3125,42.8,,1888,,25.9,543,,7.4,376,,5.2,967,,13.2,1445,19.8,7989,109.4,7,4,Eastern Conference First Round,0,0
4,2020,Miami Heat,AmericanAirlines Arena,73,44,29,0.603,17745,98.3,-2.0,112.5,1.9,109.5,-1.1,112.0,109.1,2880,6160,0.468,979,2584,0.379,1901,3576,0.532,0.547,1440,1840,0.783,0.234,620,20.3,2619,79.5,3239,44.4,,1892,,25.9,547,,7.5,332,,4.5,1088,,14.9,1501,20.6,8179,112.0,11,5,Finals,1,0
5,2020,Philadelphia 76ers,Wells Fargo Center,73,43,30,0.589,17595,99.0,-1.3,111.3,0.7,109.0,-1.6,110.7,108.4,3000,6417,0.468,848,2307,0.368,2152,4110,0.524,0.534,1236,1638,0.755,0.193,764,23.9,2553,80.3,3317,45.4,,1884,,25.8,586,,8.0,389,,5.3,1037,,14.2,1529,20.9,8084,110.7,12,6,Eastern Conference First Round,0,0
6,2020,Brooklyn Nets,Barclays Center,72,35,37,0.486,17480,101.4,1.1,108.9,-1.7,109.5,-1.1,111.8,112.3,2908,6498,0.448,941,2746,0.343,1967,3752,0.524,0.52,1291,1732,0.745,0.199,766,23.2,2683,77.8,3449,47.9,,1761,,24.5,464,,6.4,323,,4.5,1099,,15.3,1510,21.0,8048,111.8,14,7,Eastern Conference First Round,0,0
7,2020,Orlando Magic,Amway Center,73,33,40,0.452,17570,98.6,-1.7,108.5,-2.1,109.5,-1.1,107.3,108.3,2871,6468,0.444,807,2354,0.343,2064,4114,0.502,0.506,1282,1656,0.774,0.198,751,22.3,2498,79.1,3249,44.5,,1747,,23.9,599,,8.2,396,,5.4,937,,12.8,1336,18.3,7831,107.3,18,8,Eastern Conference First Round,0,0
8,2020,Charlotte Hornets,Spectrum Center,65,23,42,0.354,15750,95.8,-4.5,106.3,-4.3,113.3,2.7,102.9,109.6,2425,5586,0.434,785,2231,0.352,1640,3355,0.489,0.504,1052,1406,0.748,0.188,715,23.9,2066,74.4,2781,42.8,,1549,,23.8,428,,6.6,268,,4.1,949,,14.6,1223,18.8,6687,102.9,22,9,Not Qualified,0,0
9,2020,Washington Wizards,Capital One Arena,72,25,47,0.347,17355,102.7,2.4,110.9,0.3,115.5,4.9,114.4,119.1,2990,6544,0.457,864,2345,0.368,2126,4199,0.506,0.523,1394,1770,0.788,0.213,732,22.2,2295,75.3,3027,42.0,,1801,,25.0,574,,8.0,309,,4.3,1020,,14.2,1634,22.7,8238,114.4,23,10,Not Qualified,0,0
10,2020,Chicago Bulls,United Center,65,22,43,0.338,15675,99.7,-0.6,106.7,-3.9,109.8,-0.8,106.8,109.9,2573,5762,0.447,793,2282,0.348,1780,3480,0.511,0.515,1006,1332,0.755,0.175,680,22.8,2041,75.6,2721,41.9,,1510,,23.2,652,,10.0,265,,4.1,1005,,15.5,1417,21.8,6945,106.8,24,11,Not Qualified,0,0
11,2020,New York Knicks,Madison Square Garden (IV),66,21,45,0.318,15965,98.6,-1.7,106.5,-4.1,113.0,2.4,105.8,112.3,2638,5896,0.447,631,1872,0.337,2007,4024,0.499,0.501,1076,1550,0.694,0.182,795,25.8,2274,78.3,3069,46.5,,1456,,22.1,504,,7.6,313,,4.7,946,,14.3,1464,22.2,6983,105.8,25,12,Not Qualified,0,0
12,2020,Detroit Pistons,Little Caesars Arena,66,20,46,0.303,15965,97.6,-2.7,109.0,-1.6,112.7,2.1,107.2,110.8,2595,5658,0.459,791,2157,0.367,1804,3501,0.515,0.529,1097,1476,0.743,0.194,644,22.6,2109,75.9,2753,41.7,,1589,,24.1,490,,7.4,299,,4.5,1008,,15.3,1299,19.7,7078,107.2,26,13,Not Qualified,0,0
13,2020,Atlanta Hawks,State Farm Arena,67,20,47,0.299,16280,103.0,2.7,107.2,-3.4,114.8,4.2,111.8,119.7,2723,6067,0.449,805,2416,0.333,1918,3651,0.525,0.515,1237,1566,0.79,0.204,661,21.6,2237,74.9,2898,43.3,,1605,,24.0,523,,7.8,341,,5.1,1086,,16.2,1548,23.1,7488,111.8,27,14,Not Qualified,0,0
14,2020,Cleveland Cavaliers,Rocket Mortgage Fieldhouse,65,19,46,0.292,15725,98.7,-1.6,107.5,-3.1,115.4,4.8,106.9,114.8,2619,5715,0.458,727,2070,0.351,1892,3645,0.519,0.522,983,1296,0.758,0.172,704,24.6,2172,77.4,2876,44.2,,1500,,23.1,447,,6.9,211,,3.2,1073,,16.5,1188,18.3,6948,106.9,29,15,Not Qualified,0,0
15,2020,Los Angeles Lakers,STAPLES Center,71,52,19,0.732,17090,100.9,0.6,112.0,1.4,106.3,-4.3,113.4,107.6,3006,6269,0.48,782,2242,0.349,2224,4027,0.552,0.542,1260,1728,0.729,0.201,757,24.5,2490,78.8,3247,45.7,,1803,,25.4,612,,8.6,468,,6.6,1077,,15.2,1471,20.7,8054,113.4,3,1,Finals,1,1
16,2020,Los Angeles Clippers,STAPLES Center,72,49,23,0.681,17380,101.5,1.2,113.9,3.3,107.6,-3.0,116.3,109.9,2992,6425,0.466,895,2410,0.371,2097,4015,0.522,0.535,1498,1894,0.791,0.233,767,23.5,2664,77.6,3431,47.7,,1708,,23.7,511,,7.1,338,,4.7,1051,,14.6,1594,22.1,8377,116.3,4,2,Western Conference Semifinals,0,0
17,2020,Denver Nuggets,Pepsi Center,73,46,27,0.63,17745,97.1,-3.2,113.1,2.5,111.0,0.4,111.3,109.2,3069,6488,0.473,801,2234,0.359,2268,4254,0.533,0.535,1185,1526,0.777,0.183,786,24.8,2436,76.8,3222,44.1,,1952,,26.7,586,,8.0,337,,4.6,1005,,13.8,1485,20.3,8124,111.3,6,3,Western Conference Finals,0,0
18,2020,Houston Rockets,Toyota Center,72,44,28,0.611,17380,103.7,3.4,112.9,2.3,110.1,-0.5,117.8,114.8,2936,6512,0.451,1126,3261,0.345,1810,3251,0.557,0.537,1484,1876,0.791,0.228,704,21.0,2484,75.6,3188,44.3,,1557,,21.6,627,,8.7,371,,5.2,1057,,14.7,1566,21.8,8482,117.8,8,4,Western Conference Semifinals,0,0
19,2020,Oklahoma City Thunder,Chesapeake Energy Arena,72,44,28,0.611,17430,98.8,-1.5,110.8,0.2,108.8,-1.8,110.4,108.4,2879,6156,0.468,770,2171,0.355,2109,3985,0.529,0.53,1422,1787,0.796,0.231,593,19.3,2495,76.8,3088,42.9,,1562,,21.7,550,,7.6,353,,4.9,986,,13.7,1390,19.3,7950,110.4,9,5,Western Conference First Round,0,0
20,2020,Utah Jazz,Vivint Smart Home Arena,72,44,28,0.611,17355,98.6,-1.7,112.3,1.7,109.9,-0.7,111.3,108.8,2886,6130,0.471,963,2537,0.38,1923,3593,0.535,0.549,1278,1641,0.779,0.208,656,21.6,2577,78.9,3233,44.9,,1615,,22.4,438,,6.1,292,,4.1,1089,,15.1,1468,20.4,8013,111.3,10,6,Western Conference First Round,0,0
21,2020,Dallas Mavericks,American Airlines Center,75,43,32,0.573,18175,99.3,-1.0,116.7,6.1,111.7,1.1,117.0,112.1,3124,6772,0.461,1136,3095,0.367,1988,3677,0.541,0.545,1392,1787,0.779,0.206,791,23.2,2729,77.7,3520,46.9,,1849,,24.7,460,,6.1,363,,4.8,953,,12.7,1462,19.5,8776,117.0,13,7,Western Conference First Round,0,0
22,2020,Portland Trail Blazers,Moda Center,74,35,39,0.473,17835,100.7,0.4,113.7,3.1,114.8,4.2,115.0,116.1,3122,6749,0.463,952,2525,0.377,2170,4224,0.514,0.533,1312,1632,0.804,0.194,754,22.4,2599,75.3,3353,45.3,,1525,,20.6,465,,6.3,451,,6.1,946,,12.8,1606,21.7,8508,115.0,15,8,Western Conference First Round,0,0
23,2020,Memphis Grizzlies,FedEx Forum,73,34,39,0.466,17570,102.8,2.5,109.2,-1.4,110.3,-0.3,112.6,113.7,3106,6634,0.468,798,2297,0.347,2308,4337,0.532,0.528,1212,1589,0.763,0.183,754,23.0,2643,77.8,3397,46.5,,1965,,26.9,576,,7.9,398,,5.5,1113,,15.2,1546,21.2,8222,112.6,16,9,Not Qualified,0,0
24,2020,Phoenix Suns,Talking Stick Resort Arena,73,34,39,0.466,17595,101.3,1.0,111.7,1.1,111.4,0.8,113.6,113.4,3006,6429,0.468,831,2320,0.358,2175,4109,0.529,0.532,1451,1740,0.834,0.226,712,22.2,2465,78.8,3177,43.5,,1987,,27.2,559,,7.7,290,,4.0,1077,,14.8,1609,22.0,8294,113.6,17,10,Not Qualified,0,0
25,2020,San Antonio Spurs,AT&T Center,71,32,39,0.451,17215,100.5,0.2,112.4,1.8,113.5,2.9,114.1,115.2,2995,6350,0.472,760,2021,0.376,2235,4329,0.516,0.531,1348,1664,0.81,0.212,640,20.1,2530,79.2,3170,44.6,,1751,,24.7,518,,7.3,390,,5.5,895,,12.6,1377,19.4,8098,114.1,19,11,Not Qualified,0,0
26,2020,Sacramento Kings,Golden 1 Center,72,31,41,0.431,17455,98.9,-1.4,110.2,-0.4,112.2,1.6,110.1,112.1,2943,6364,0.462,914,2511,0.364,2029,3853,0.527,0.534,1127,1464,0.77,0.177,695,21.9,2372,78.4,3067,42.6,,1713,,23.8,556,,7.7,293,,4.1,1043,,14.5,1595,22.2,7927,110.1,20,12,Not Qualified,0,0
27,2020,New Orleans Pelicans,Smoothie King Center,72,30,42,0.417,17430,103.7,3.4,110.7,0.1,111.9,1.3,115.8,117.1,3065,6598,0.465,982,2656,0.37,2083,3942,0.528,0.539,1229,1687,0.729,0.186,797,24.2,2551,77.8,3348,46.5,,1932,,26.8,539,,7.5,358,,5.0,1181,,16.4,1524,21.2,8341,115.8,21,13,Not Qualified,0,0
28,2020,Minnesota Timberwolves,Target Center,64,19,45,0.297,15560,103.4,3.1,108.1,-2.5,112.2,1.6,113.3,117.5,2586,5865,0.441,853,2540,0.336,1733,3325,0.521,0.514,1223,1624,0.753,0.209,675,22.1,2193,77.2,2868,44.8,,1525,,23.8,555,,8.7,362,,5.7,981,,15.3,1370,21.4,7248,113.3,28,14,Not Qualified,0,0
29,2020,Golden State Warriors,Chase Center,65,15,50,0.231,15725,100.3,0.0,105.2,-5.4,113.8,3.2,106.3,115.0,2510,5730,0.438,678,2032,0.334,1832,3698,0.495,0.497,1214,1511,0.803,0.212,647,21.5,2138,76.4,2785,42.8,,1663,,25.6,534,,8.2,299,,4.6,969,,14.9,1304,20.1,6912,106.3,30,15,Not Qualified,0,0
30,2021,Philadelphia 76ers,Wells Fargo Center,72,49,23,0.681,17430,99.5,0.3,113.2,0.9,107.6,-4.7,113.6,108.1,2981,6257,0.476,811,2169,0.374,2170,4088,0.531,0.541,1409,1836,0.767,0.225,722,23.2,2522,78.2,3244,45.1,,1706,,23.7,655,,9.1,447,,6.2,1040,,14.4,1456,20.2,8182,113.6,3,1,Eastern Conference Semifinals,0,0
31,2021,Brooklyn Nets,Barclays Center,72,48,24,0.667,17405,99.5,0.3,118.3,6.0,113.8,1.5,118.6,114.1,3106,6289,0.494,1020,2600,0.392,2086,3689,0.565,0.575,1305,1623,0.804,0.208,640,21.4,2559,77.3,3199,44.4,,1929,,26.8,484,,6.7,379,,5.3,975,,13.5,1371,19.0,8537,118.6,4,2,Eastern Conference Semifinals,0,0
32,2021,Milwaukee Bucks,Fiserv Forum,72,46,26,0.639,17330,102.2,3.0,117.2,4.9,111.4,-0.9,120.1,114.2,3221,6610,0.487,1038,2669,0.389,2183,3941,0.554,0.566,1169,1539,0.76,0.177,741,23.3,2724,79.7,3465,48.1,,1834,,25.5,585,,8.1,334,,4.6,995,,13.8,1244,17.3,8649,120.1,7,3,Finals,1,1
33,2021,New York Knicks,Madison Square Garden (IV),72,41,31,0.569,17430,95.9,-3.3,110.6,-1.7,108.2,-4.1,107.0,104.7,2839,6225,0.456,847,2163,0.392,1992,4062,0.49,0.524,1181,1506,0.784,0.19,696,21.9,2554,78.6,3250,45.1,,1541,,21.4,507,,7.0,365,,5.1,932,,12.9,1473,20.5,7706,107.0,11,4,Eastern Conference First Round,0,0
34,2021,Atlanta Hawks,State Farm Arena,72,41,31,0.569,17405,97.6,-1.6,115.7,3.4,113.3,1.0,113.7,111.4,2937,6281,0.468,895,2402,0.373,2042,3879,0.526,0.539,1417,1745,0.812,0.226,760,24.4,2525,77.8,3285,45.6,,1737,,24.1,503,,7.0,342,,4.8,953,,13.2,1392,19.3,8186,113.7,12,5,Eastern Conference Finals,0,0
35,2021,Miami Heat,AmericanAirlines Arena,72,40,32,0.556,17380,96.6,-2.6,111.2,-1.1,111.2,-1.1,108.1,108.0,2824,6029,0.468,932,2606,0.358,1892,3423,0.553,0.546,1201,1520,0.79,0.199,579,19.4,2409,77.9,2988,41.5,,1895,,26.3,569,,7.9,286,,4.0,1013,,14.1,1363,18.9,7781,108.1,13,6,Eastern Conference First Round,0,0
36,2021,Boston Celtics,TD Garden,72,36,36,0.5,17380,98.3,-0.9,114.0,1.7,112.5,0.2,112.6,111.2,2985,6401,0.466,979,2618,0.374,2006,3783,0.53,0.543,1160,1496,0.775,0.181,765,24.3,2421,78.1,3186,44.3,,1689,,23.5,556,,7.7,383,,5.3,1012,,14.1,1471,20.4,8109,112.6,16,7,Eastern Conference First Round,0,0
37,2021,Washington Wizards,Capital One Arena,72,34,38,0.472,17405,104.1,4.9,111.2,-1.1,113.0,0.7,116.6,118.5,3108,6547,0.475,733,2088,0.351,2375,4459,0.533,0.531,1449,1884,0.769,0.221,697,21.3,2557,77.6,3254,45.2,,1835,,25.5,528,,7.3,297,,4.1,1037,,14.4,1555,21.6,8398,116.6,17,8,Eastern Conference First Round,0,0
38,2021,Indiana Pacers,Bankers Life Fieldhouse,72,34,38,0.472,17455,101.6,2.4,112.4,0.1,112.4,0.1,115.3,115.3,3115,6567,0.474,889,2445,0.364,2226,4122,0.54,0.542,1183,1493,0.792,0.18,648,20.2,2424,74.9,3072,42.7,,1973,,27.4,611,,8.5,460,,6.4,975,,13.5,1453,20.2,8302,115.3,18,9,Not Qualified,0,0
39,2021,Charlotte Hornets,Spectrum Center,72,33,39,0.458,17355,98.3,-0.9,110.9,-1.4,112.8,0.5,109.5,111.4,2875,6324,0.455,985,2666,0.369,1890,3658,0.517,0.532,1146,1505,0.761,0.181,762,23.5,2389,75.7,3151,43.8,,1933,,26.8,565,,7.8,344,,4.8,1069,,14.8,1297,18.0,7881,109.5,19,10,Not Qualified,0,0
40,2021,Chicago Bulls,United Center,72,31,41,0.431,17380,99.0,-0.2,111.1,-1.2,112.0,-0.3,110.7,111.6,3035,6380,0.476,904,2446,0.37,2131,3934,0.542,0.547,995,1258,0.791,0.156,693,22.3,2544,80.3,3237,45.0,,1927,,26.8,482,,6.7,304,,4.2,1089,,15.1,1362,18.9,7969,110.7,21,11,Not Qualified,0,0
41,2021,Toronto Raptors,Amalie Arena,72,27,45,0.375,17305,99.2,0.0,112.0,-0.3,112.5,0.2,111.3,111.7,2859,6383,0.448,1041,2831,0.368,1818,3552,0.512,0.529,1252,1536,0.815,0.196,680,20.8,2314,76.3,2994,41.6,,1735,,24.1,618,,8.6,388,,5.4,952,,13.2,1526,21.2,8011,111.3,24,12,Not Qualified,0,0
42,2021,Cleveland Cavaliers,Rocket Mortgage Fieldhouse,72,22,50,0.306,17430,97.3,-1.9,105.8,-6.5,114.4,2.1,103.8,112.3,2778,6175,0.45,720,2141,0.336,2058,4034,0.51,0.508,1200,1614,0.743,0.194,751,23.6,2327,76.6,3078,42.8,,1716,,23.8,559,,7.8,325,,4.5,1114,,15.5,1308,18.2,7476,103.8,26,13,Not Qualified,0,0
43,2021,Orlando Magic,Amway Center,72,21,51,0.292,17330,98.7,-0.5,105.1,-7.2,114.5,2.2,104.0,113.3,2754,6423,0.429,784,2288,0.343,1970,4135,0.476,0.49,1196,1543,0.775,0.186,747,21.6,2525,78.2,3272,45.4,,1571,,21.8,496,,6.9,318,,4.4,924,,12.8,1237,17.2,7488,104.0,28,14,Not Qualified,0,0
44,2021,Detroit Pistons,Little Caesars Arena,72,20,52,0.278,17430,97.9,-1.3,108.0,-4.3,112.5,0.2,106.6,111.1,2783,6162,0.452,832,2370,0.351,1951,3792,0.515,0.519,1278,1683,0.759,0.207,694,21.9,2381,76.9,3075,42.7,,1743,,24.2,531,,7.4,371,,5.2,1075,,14.9,1477,20.5,7676,106.6,29,15,Not Qualified,0,0
45,2021,Utah Jazz,Vivint Smart Home Arena,72,52,20,0.722,17355,98.5,-0.7,117.6,5.3,108.3,-4.0,116.4,107.2,2971,6344,0.468,1205,3098,0.389,1766,3246,0.544,0.563,1235,1546,0.799,0.195,765,24.5,2709,79.3,3474,48.3,,1703,,23.7,474,,6.6,371,,5.2,1023,,14.2,1335,18.5,8382,116.4,1,1,Western Conference Semifinals,0,0
46,2021,Phoenix Suns,Phoenix Suns Arena,72,51,21,0.708,17480,97.2,-2.0,117.2,4.9,111.3,-1.0,115.3,109.5,3118,6357,0.49,940,2490,0.378,2178,3867,0.563,0.564,1124,1347,0.834,0.177,630,20.8,2462,78.5,3092,42.9,,1939,,26.9,517,,7.2,312,,4.3,902,,12.5,1374,19.1,8300,115.3,2,2,Finals,1,0
47,2021,Denver Nuggets,Ball Arena,72,47,25,0.653,17480,97.1,-2.1,117.1,4.8,112.1,-0.2,115.1,110.1,3114,6422,0.485,927,2462,0.377,2187,3960,0.552,0.557,1129,1406,0.803,0.176,758,24.7,2442,78.9,3200,44.4,,1933,,26.8,582,,8.1,323,,4.5,972,,13.5,1374,19.1,8284,115.1,5,3,Western Conference Semifinals,0,0
48,2021,Los Angeles Clippers,STAPLES Center,72,47,25,0.653,17280,96.9,-2.3,117.6,5.3,111.2,-1.1,114.0,107.8,3009,6242,0.482,1027,2498,0.411,1982,3744,0.529,0.564,1164,1387,0.839,0.186,678,22.7,2501,79.1,3179,44.2,,1756,,24.4,509,,7.1,295,,4.1,950,,13.2,1383,19.2,8209,114.0,6,4,Western Conference Finals,0,0
49,2021,Dallas Mavericks,American Airlines Center,72,42,30,0.583,17305,97.3,-1.9,115.4,3.1,113.0,0.7,112.4,110.2,2958,6287,0.47,994,2744,0.362,1964,3543,0.554,0.55,1186,1524,0.778,0.189,657,21.1,2463,77.8,3120,43.3,,1647,,22.9,450,,6.3,311,,4.3,869,,12.1,1396,19.4,8096,112.4,8,5,Western Conference First Round,0,0
50,2021,Portland Trail Blazers,Moda Center,72,42,30,0.583,17305,98.4,-0.8,117.8,5.5,116.0,3.7,116.1,114.3,2973,6558,0.453,1132,2939,0.385,1841,3619,0.509,0.54,1282,1558,0.823,0.195,766,23.0,2441,77.5,3207,44.5,,1531,,21.3,496,,6.9,363,,5.0,799,,11.1,1362,18.9,8360,116.1,9,6,Western Conference First Round,0,0
51,2021,Los Angeles Lakers,STAPLES Center,72,42,30,0.583,17455,98.7,-0.5,109.9,-2.4,107.1,-5.2,109.5,106.8,2925,6197,0.472,796,2248,0.354,2129,3949,0.539,0.536,1241,1679,0.739,0.2,695,22.5,2490,79.7,3185,44.2,,1775,,24.7,562,,7.8,386,,5.4,1095,,15.2,1377,19.1,7887,109.5,10,7,Western Conference First Round,0,0
52,2021,Golden State Warriors,Chase Center,72,39,33,0.542,17305,102.2,3.0,111.1,-1.2,110.1,-2.2,113.7,112.7,2973,6347,0.468,1048,2789,0.376,1925,3558,0.541,0.551,1193,1520,0.785,0.188,574,17.9,2524,76.6,3098,43.0,,1991,,27.7,587,,8.2,342,,4.8,1080,,15.0,1526,21.2,8187,113.7,14,8,Not Qualified,0,0
53,2021,Memphis Grizzlies,FedEx Forum,72,38,34,0.528,17405,100.4,1.2,112.0,-0.3,111.0,-1.3,113.3,112.3,3085,6608,0.467,803,2258,0.356,2282,4350,0.525,0.528,1184,1536,0.771,0.179,803,24.2,2543,78.3,3346,46.5,,1938,,26.9,655,,9.1,364,,5.1,957,,13.3,1349,18.7,8157,113.3,15,9,Western Conference First Round,0,0
54,2021,San Antonio Spurs,AT&T Center,72,33,39,0.458,17480,98.9,-0.3,111.0,-1.3,112.8,0.5,111.1,112.8,3014,6518,0.462,716,2046,0.35,2298,4472,0.514,0.517,1254,1584,0.792,0.192,669,20.0,2489,77.3,3158,43.9,,1759,,24.4,505,,7.0,366,,5.1,821,,11.4,1293,18.0,7998,111.1,20,10,Not Qualified,0,0
55,2021,New Orleans Pelicans,Smoothie King Center,72,31,41,0.431,17430,100.1,0.9,113.5,1.2,113.8,1.5,114.6,114.9,3060,6412,0.477,762,2190,0.348,2298,4222,0.544,0.537,1369,1878,0.729,0.214,845,26.3,2568,80.0,3413,47.4,,1872,,26.0,545,,7.6,315,,4.4,1052,,14.6,1295,18.0,8251,114.6,22,11,Not Qualified,0,0
56,2021,Sacramento Kings,Golden 1 Center,72,31,41,0.431,17305,100.0,0.8,113.6,1.3,117.2,4.9,113.7,117.4,3067,6382,0.481,874,2400,0.364,2193,3982,0.551,0.549,1181,1585,0.745,0.185,674,21.3,2307,75.0,2981,41.4,,1836,,25.5,543,,7.5,358,,5.0,963,,13.4,1400,19.4,8189,113.7,23,12,Not Qualified,0,0
57,2021,Minnesota Timberwolves,Target Center,72,23,49,0.319,17405,101.6,2.4,109.5,-2.8,115.0,2.7,112.1,117.7,2932,6546,0.448,944,2706,0.349,1988,3840,0.518,0.52,1265,1662,0.761,0.193,757,22.7,2376,76.8,3133,43.5,,1846,,25.6,632,,8.8,398,,5.5,1027,,14.3,1507,20.9,8073,112.1,25,13,Not Qualified,0,0
58,2021,Oklahoma City Thunder,Chesapeake Energy Arena,72,22,50,0.306,17355,101.0,1.8,103.5,-8.8,114.0,1.7,105.0,115.6,2795,6338,0.441,857,2529,0.339,1938,3809,0.509,0.509,1113,1536,0.725,0.176,715,21.2,2568,77.9,3283,45.6,,1588,,22.1,504,,7.0,316,,4.4,1162,,16.1,1305,18.1,7560,105.0,27,14,Not Qualified,0,0
59,2021,Houston Rockets,Toyota Center,72,17,55,0.236,17305,101.4,2.2,107.1,-5.2,114.9,2.6,108.8,116.7,2826,6372,0.444,992,2923,0.339,1834,3449,0.532,0.521,1189,1606,0.74,0.187,671,19.8,2396,77.1,3067,42.6,,1699,,23.6,546,,7.6,361,,5.0,1060,,14.7,1407,19.5,7833,108.8,30,15,Not Qualified,0,0
60,2022,Miami Heat,FTX Arena,82,53,29,0.646,19855,95.9,-2.3,113.7,1.7,109.1,-2.9,110.0,105.6,3246,6954,0.467,1114,2936,0.379,2132,4018,0.531,0.547,1416,1753,0.808,0.204,807,23.5,2778,78.0,3585,43.7,,2090,,25.5,606,,7.4,265,,3.2,1194,,14.6,1679,20.5,9022,110.0,3,1,Eastern Conference Finals,0,0
61,2022,Boston Celtics,TD Garden,82,51,31,0.622,19905,96.6,-1.6,114.4,2.4,106.9,-5.1,111.8,104.5,3341,7167,0.466,1085,3044,0.356,2256,4123,0.547,0.542,1397,1713,0.816,0.195,863,24.0,2915,77.3,3778,46.1,,2036,,24.8,591,,7.2,478,,5.8,1118,,13.6,1521,18.5,9164,111.8,6,2,Finals,1,0
62,2022,Milwaukee Bucks,Fiserv Forum,82,51,31,0.622,19755,99.9,1.7,115.1,3.1,111.8,-0.2,115.5,112.1,3429,7331,0.468,1153,3151,0.366,2276,4180,0.544,0.546,1459,1881,0.776,0.199,840,23.0,2990,78.6,3830,46.7,,1960,,23.9,623,,7.6,326,,4.0,1100,,13.4,1494,18.2,9470,115.5,7,3,Eastern Conference Semifinals,0,0
63,2022,Philadelphia 76ers,Wells Fargo Center,82,51,31,0.622,19805,96.2,-2.0,113.5,1.5,110.8,-1.2,109.9,107.3,3230,6932,0.466,950,2608,0.364,2280,4324,0.527,0.534,1605,1955,0.821,0.232,700,20.1,2770,76.8,3470,42.3,,1945,,23.7,633,,7.7,435,,5.3,1027,,12.5,1590,19.4,9015,109.9,8,4,Eastern Conference Semifinals,0,0
64,2022,Toronto Raptors,Scotiabank Arena,82,48,34,0.585,19855,96.0,-2.2,112.9,0.9,110.5,-1.5,109.4,107.1,3332,7489,0.445,979,2808,0.349,2353,4681,0.503,0.51,1327,1749,0.759,0.177,1095,28.4,2622,75.6,3717,45.3,,1809,,22.1,738,,9.0,376,,4.6,1021,,12.5,1607,19.6,8970,109.4,10,5,Eastern Conference First Round,0,0
65,2022,Chicago Bulls,United Center,82,46,36,0.561,19730,98.3,0.1,113.2,1.2,113.6,1.6,111.6,112.0,3422,7127,0.48,872,2364,0.369,2550,4763,0.535,0.541,1436,1766,0.813,0.201,711,20.4,2760,78.3,3471,42.3,,1958,,23.9,585,,7.1,336,,4.1,1053,,12.8,1540,18.8,9152,111.6,12,6,Eastern Conference First Round,0,0
66,2022,Brooklyn Nets,Barclays Center,82,44,38,0.537,19755,99.0,0.8,113.6,1.6,112.8,0.8,112.9,112.1,3442,7251,0.475,940,2602,0.361,2502,4649,0.538,0.54,1434,1781,0.805,0.198,844,23.9,2796,75.1,3640,44.4,,2071,,25.3,582,,7.1,448,,5.5,1153,,14.1,1670,20.4,9258,112.9,14,7,Eastern Conference First Round,0,0
67,2022,Cleveland Cavaliers,Rocket Mortgage Fieldhouse,82,44,38,0.537,19730,96.1,-2.1,111.9,-0.1,109.7,-2.3,107.8,105.7,3255,6940,0.469,953,2686,0.355,2302,4254,0.541,0.538,1376,1810,0.76,0.198,837,24.0,2786,76.5,3623,44.2,,2064,,25.2,580,,7.1,343,,4.2,1181,,14.4,1433,17.5,8839,107.8,15,8,Not Qualified,0,0
68,2022,Atlanta Hawks,State Farm Arena,82,43,39,0.524,19705,97.7,-0.5,116.5,4.5,114.9,2.9,113.9,112.4,3401,7241,0.47,1056,2821,0.374,2345,4420,0.531,0.543,1485,1829,0.812,0.205,823,23.0,2783,76.9,3606,44.0,,2017,,24.6,587,,7.2,348,,4.2,972,,11.9,1534,18.7,9343,113.9,16,9,Eastern Conference First Round,0,0
69,2022,Charlotte Hornets,Spectrum Center,82,43,39,0.524,19880,100.0,1.8,114.1,2.1,113.7,1.7,115.3,114.9,3508,7497,0.468,1143,3130,0.365,2365,4367,0.542,0.544,1298,1753,0.74,0.173,888,23.3,2767,74.8,3655,44.6,,2302,,28.1,707,,8.6,402,,4.9,1087,,13.3,1629,19.9,9457,115.3,17,10,Not Qualified,0,0
70,2022,New York Knicks,Madison Square Garden (IV),82,37,45,0.451,19780,95.9,-2.3,110.4,-1.6,110.5,-1.5,106.5,106.6,3088,7069,0.437,1082,3029,0.357,2006,4040,0.497,0.513,1473,1980,0.744,0.208,941,25.1,2841,78.8,3782,46.1,,1793,,21.9,570,,7.0,399,,4.9,1087,,13.3,1672,20.4,8731,106.5,19,11,Not Qualified,0,0
71,2022,Washington Wizards,Capital One Arena,82,35,47,0.427,19830,97.0,-1.2,111.1,-0.9,114.5,2.5,108.6,112.0,3327,7056,0.472,860,2512,0.342,2467,4544,0.543,0.532,1393,1778,0.783,0.197,737,20.9,2798,76.9,3535,43.1,,2052,,25.0,522,,6.4,406,,5.0,1077,,13.1,1545,18.8,8907,108.6,21,12,Not Qualified,0,0
72,2022,Indiana Pacers,Gainbridge Fieldhouse,82,25,57,0.305,19880,98.0,-0.2,112.6,0.6,116.1,4.1,111.5,114.9,3398,7338,0.463,997,2899,0.344,2401,4439,0.541,0.531,1347,1754,0.768,0.184,925,25.5,2671,76.2,3596,43.9,,2081,,25.4,582,,7.1,457,,5.6,1183,,14.4,1675,20.4,9140,111.5,26,13,Not Qualified,0,0
73,2022,Detroit Pistons,Little Caesars Arena,82,23,59,0.28,19780,98.4,0.2,106.0,-6.0,113.8,1.8,104.8,112.5,3129,7267,0.431,925,2838,0.326,2204,4429,0.498,0.494,1413,1806,0.782,0.194,900,23.4,2625,75.6,3525,43.0,,1924,,23.5,630,,7.7,393,,4.8,1163,,14.2,1799,21.9,8596,104.8,28,14,Not Qualified,0,0
74,2022,Orlando Magic,Amway Center,82,22,60,0.268,19780,99.2,1.0,104.5,-7.5,112.5,0.5,104.2,112.2,3139,7240,0.434,999,3022,0.331,2140,4218,0.507,0.503,1270,1614,0.787,0.175,746,19.8,2885,77.2,3631,44.3,,1947,,23.7,555,,6.8,367,,4.5,1188,,14.5,1612,19.7,8547,104.2,29,15,Not Qualified,0,0
75,2022,Phoenix Suns,Phoenix Suns Arena,82,64,18,0.78,19730,99.8,1.6,114.8,2.8,107.3,-4.7,114.8,107.3,3581,7389,0.485,951,2616,0.364,2630,4773,0.551,0.549,1303,1635,0.797,0.176,801,22.3,2913,77.1,3714,45.3,,2244,,27.4,702,,8.6,359,,4.4,1060,,12.9,1633,19.9,9416,114.8,1,1,Western Conference Semifinals,0,0
76,2022,Memphis Grizzlies,FedEx Forum,82,56,26,0.683,19780,100.3,2.1,114.6,2.6,109.0,-3.0,115.6,109.9,3571,7739,0.461,945,2679,0.353,2626,5060,0.519,0.522,1393,1898,0.734,0.18,1159,30.0,2873,77.8,4032,49.2,,2131,,26.0,800,,9.8,533,,6.5,1082,,13.2,1620,19.8,9480,115.6,2,2,Western Conference Semifinals,0,0
77,2022,Golden State Warriors,Chase Center,82,53,29,0.646,19730,98.4,0.2,112.5,0.5,106.9,-5.1,111.0,105.5,3323,7087,0.469,1176,3231,0.364,2147,3856,0.557,0.552,1280,1665,0.769,0.181,800,22.8,2930,78.7,3730,45.5,,2223,,27.1,719,,8.8,372,,4.5,1221,,14.9,1723,21.0,9102,111.0,4,3,Finals,1,1
78,2022,Dallas Mavericks,American Airlines Center,82,52,30,0.634,19755,95.4,-2.8,112.8,0.8,109.4,-2.6,108.0,104.7,3222,6982,0.461,1073,3063,0.35,2149,3919,0.548,0.538,1341,1739,0.771,0.192,759,21.3,2769,78.0,3528,43.0,,1918,,23.4,552,,6.7,325,,4.0,1025,,12.5,1612,19.7,8858,108.0,5,4,Western Conference Finals,0,0
79,2022,Utah Jazz,Vivint Smart Home Arena,82,49,33,0.598,19730,97.1,-1.1,116.7,4.7,110.5,-1.5,113.6,107.6,3327,7067,0.471,1192,3308,0.36,2135,3759,0.568,0.555,1470,1916,0.767,0.208,884,25.4,2916,78.3,3800,46.3,,1836,,22.4,588,,7.2,402,,4.9,1149,,14.0,1547,18.9,9316,113.6,9,5,Western Conference First Round,0,0
80,2022,Denver Nuggets,Ball Arena,82,48,34,0.585,19805,97.8,-0.4,114.5,2.5,112.1,0.1,112.7,110.4,3416,7079,0.483,1039,2944,0.353,2377,4135,0.575,0.556,1372,1725,0.795,0.194,752,21.9,2865,78.3,3617,44.1,,2279,,27.8,592,,7.2,305,,3.7,1189,,14.5,1639,20.0,9243,112.7,11,6,Western Conference First Round,0,0
81,2022,Minnesota Timberwolves,Target Center,82,46,36,0.561,19780,100.9,2.7,114.3,2.3,111.7,-0.3,115.9,113.3,3411,7458,0.457,1211,3386,0.358,2200,4072,0.54,0.539,1474,1894,0.778,0.198,921,24.4,2700,74.9,3621,44.2,,2106,,25.7,721,,8.8,460,,5.6,1175,,14.3,1786,21.8,9507,115.9,13,7,Western Conference First Round,0,0
82,2022,Los Angeles Clippers,Crypto.com Arena,82,42,40,0.512,19780,98.0,-0.2,110.1,-1.9,110.1,-1.9,108.4,108.4,3285,7170,0.458,1047,2802,0.374,2238,4368,0.512,0.531,1273,1606,0.793,0.178,747,20.6,2860,74.4,3607,44.0,,1969,,24.0,608,,7.4,406,,5.0,1126,,13.7,1528,18.6,8890,108.4,18,8,Not Qualified,0,0
83,2022,New Orleans Pelicans,Smoothie King Center,82,36,46,0.439,19755,97.2,-1.0,112.0,0.0,113.0,1.0,109.3,110.3,3294,7212,0.457,873,2629,0.332,2421,4583,0.528,0.517,1501,1903,0.789,0.208,981,26.9,2726,78.2,3707,45.2,,2047,,25.0,680,,8.3,328,,4.0,1153,,14.1,1612,19.7,8962,109.3,20,9,Western Conference First Round,0,0
84,2022,San Antonio Spurs,AT&T Center,82,34,48,0.415,19805,100.0,1.8,112.4,0.4,112.3,0.3,113.2,113.0,3546,7601,0.467,925,2626,0.352,2621,4975,0.527,0.527,1262,1673,0.754,0.166,901,23.7,2815,75.1,3716,45.3,,2289,,27.9,626,,7.6,403,,4.9,1043,,12.7,1483,18.1,9279,113.2,22,10,Not Qualified,0,0
85,2022,Los Angeles Lakers,Crypto.com Arena,82,33,49,0.402,19980,100.1,1.9,110.3,-1.7,113.3,1.3,112.1,115.1,3415,7279,0.469,982,2826,0.347,2433,4453,0.546,0.537,1380,1884,0.732,0.19,782,21.1,2826,75.8,3608,44.0,,1968,,24.0,626,,7.6,425,,5.2,1191,,14.5,1654,20.2,9192,112.1,23,11,Not Qualified,0,0
86,2022,Sacramento Kings,Golden 1 Center,82,30,52,0.366,19805,99.8,1.6,109.9,-2.1,115.3,3.3,110.3,115.8,3321,7223,0.46,937,2722,0.344,2384,4501,0.53,0.525,1466,1908,0.768,0.203,784,21.3,2737,76.0,3521,42.9,,1943,,23.7,588,,7.2,369,,4.5,1156,,14.1,1552,18.9,9045,110.3,24,12,Not Qualified,0,0
87,2022,Portland Trail Blazers,Moda Center,82,27,55,0.329,19730,98.3,0.1,107.8,-4.2,116.9,4.9,106.2,115.1,3161,7144,0.442,1043,3017,0.346,2118,4127,0.513,0.515,1346,1771,0.76,0.188,854,22.9,2661,76.9,3515,42.9,,1880,,22.9,657,,8.0,366,,4.5,1187,,14.5,1728,21.1,8711,106.2,25,13,Not Qualified,0,0
88,2022,Oklahoma City Thunder,Paycom Center,82,24,58,0.293,19805,98.6,0.4,104.6,-7.4,112.8,0.8,103.7,111.8,3141,7310,0.43,991,3066,0.323,2150,4244,0.507,0.497,1233,1632,0.756,0.169,854,21.8,2887,76.1,3741,45.6,,1822,,22.2,622,,7.6,380,,4.6,1145,,14.0,1497,18.3,8506,103.7,27,14,Not Qualified,0,0
89,2022,Houston Rockets,Toyota Center,82,20,62,0.244,19755,100.9,2.7,108.4,-3.6,116.7,4.7,109.7,118.2,3229,7083,0.456,1105,3170,0.349,2124,3913,0.543,0.534,1434,2010,0.713,0.202,786,21.7,2660,74.4,3446,42.0,,1932,,23.6,600,,7.3,382,,4.7,1351,,16.5,1692,20.6,8997,109.7,30,15,Not Qualified,0,0
90,2023,Milwaukee Bucks,Fiserv Forum,82,58,24,0.707,19830,100.5,1.4,115.4,0.6,111.9,-2.9,116.9,113.3,3504,7411,0.473,1217,3306,0.368,2287,4105,0.557,0.555,1364,1837,0.743,0.184,914,25.0,3074,77.8,3988,48.6,,2115,,25.8,521,,6.4,403,,4.9,1199,,14.6,1481,18.1,9589,116.9,1,1,Eastern Conference First Round,0,0
91,2023,Boston Celtics,TD Garden,82,57,25,0.695,19980,98.5,-0.6,118.0,3.2,111.5,-3.3,117.9,111.4,3460,7278,0.475,1315,3492,0.377,2145,3786,0.567,0.566,1436,1769,0.812,0.197,796,22.1,2921,78.5,3717,45.3,,2186,,26.7,521,,6.4,430,,5.2,1095,,13.4,1542,18.8,9671,117.9,2,2,Eastern Conference Finals,0,0
92,2023,Philadelphia 76ers,Wells Fargo Center,82,54,28,0.659,19880,96.9,-2.2,117.7,2.9,113.3,-1.5,115.2,110.9,3347,6870,0.487,1035,2675,0.387,2312,4195,0.551,0.563,1719,2058,0.835,0.25,715,21.6,2641,77.2,3356,40.9,,2063,,25.2,635,,7.7,389,,4.7,1121,,13.7,1675,20.4,9448,115.2,3,3,Eastern Conference Semifinals,0,0
93,2023,Cleveland Cavaliers,Rocket Mortgage Fieldhouse,82,51,31,0.622,19880,95.7,-3.4,116.1,1.3,110.6,-4.2,112.3,106.9,3408,6984,0.488,950,2589,0.367,2458,4395,0.559,0.556,1439,1844,0.78,0.206,795,23.6,2574,76.3,3369,41.1,,2045,,24.9,586,,7.1,384,,4.7,1094,,13.3,1560,19.0,9205,112.3,5,4,Eastern Conference First Round,0,0
94,2023,New York Knicks,Madison Square Garden (IV),82,47,35,0.573,19955,97.1,-2.0,117.8,3.0,114.8,0.0,116.0,113.1,3444,7328,0.47,1037,2930,0.354,2407,4398,0.547,0.541,1589,2087,0.761,0.217,1031,28.3,2790,77.1,3821,46.6,,1880,,22.9,527,,6.4,340,,4.1,1065,,13.0,1666,20.3,9514,116.0,8,5,Eastern Conference Semifinals,0,0
95,2023,Brooklyn Nets,Barclays Center,82,45,37,0.549,19730,98.3,-0.8,115.0,0.2,114.1,-0.7,113.4,112.5,3399,6978,0.487,1048,2771,0.378,2351,4207,0.559,0.562,1449,1811,0.8,0.208,674,19.6,2648,73.7,3322,40.5,,2093,,25.5,585,,7.1,506,,6.2,1127,,13.7,1730,21.1,9295,113.4,9,6,Eastern Conference First Round,0,0
96,2023,Miami Heat,Kaseya Center,82,44,38,0.537,19805,96.3,-2.8,113.0,-1.8,113.3,-1.5,109.5,109.8,3215,6991,0.46,980,2852,0.344,2235,4139,0.54,0.53,1567,1885,0.831,0.224,796,22.8,2533,77.7,3329,40.6,,1955,,23.8,655,,8.0,243,,3.0,1106,,13.5,1516,18.5,8977,109.5,11,7,Finals,1,0
97,2023,Atlanta Hawks,State Farm Arena,82,41,41,0.5,19855,100.7,1.6,116.6,1.8,116.3,1.5,118.4,118.1,3658,7574,0.483,882,2505,0.352,2776,5069,0.548,0.541,1513,1850,0.818,0.2,920,25.1,2719,75.8,3639,44.4,,2049,,25.0,580,,7.1,401,,4.9,1060,,12.9,1541,18.8,9711,118.4,17,8,Eastern Conference First Round,0,0
98,2023,Toronto Raptors,Scotiabank Arena,82,41,41,0.5,19805,97.1,-2.0,115.5,0.7,114.0,-0.8,112.9,111.4,3434,7489,0.459,880,2626,0.335,2554,4863,0.525,0.517,1506,1922,0.784,0.201,1043,27.8,2485,76.7,3528,43.0,,1961,,23.9,772,,9.4,424,,5.2,956,,11.7,1641,20.0,9254,112.9,18,9,Not Qualified,0,0
99,2023,Chicago Bulls,United Center,82,40,42,0.488,19905,98.5,-0.6,113.5,-1.3,112.2,-2.6,113.1,111.8,3488,7116,0.49,854,2367,0.361,2634,4749,0.555,0.55,1446,1788,0.809,0.203,694,20.1,2779,77.8,3473,42.4,,2006,,24.5,644,,7.9,371,,4.5,1097,,13.4,1551,18.9,9276,113.1,19,10,Not Qualified,0,0
100,2023,Indiana Pacers,Gainbridge Fieldhouse,82,35,47,0.427,19755,101.1,2.0,114.6,-0.2,117.7,2.9,116.3,119.5,3444,7345,0.469,1112,3030,0.367,2332,4315,0.54,0.545,1535,1944,0.79,0.209,832,23.4,2575,72.2,3407,41.5,,2213,,27.0,631,,7.7,478,,5.8,1225,,14.9,1741,21.2,9535,116.3,23,11,Not Qualified,0,0
101,2023,Washington Wizards,Capital One Arena,82,35,47,0.427,19755,98.6,-0.5,114.4,-0.4,115.6,0.8,113.2,114.4,3456,7127,0.485,925,2601,0.356,2531,4526,0.559,0.55,1442,1838,0.785,0.202,774,22.6,2804,76.1,3578,43.6,,2083,,25.4,561,,6.8,424,,5.2,1158,,14.1,1539,18.8,9279,113.2,24,12,Not Qualified,0,0
102,2023,Orlando Magic,Amway Center,82,34,48,0.415,19780,99.3,0.2,111.6,-3.2,114.2,-0.6,111.4,114.0,3323,7074,0.47,883,2551,0.346,2440,4523,0.539,0.532,1607,2050,0.784,0.227,833,23.8,2713,77.7,3546,43.2,,1906,,23.2,603,,7.4,382,,4.7,1236,,15.1,1652,20.1,9136,111.4,25,13,Not Qualified,0,0
103,2023,Charlotte Hornets,Spectrum Center,82,27,55,0.329,19830,100.8,1.7,109.2,-5.6,115.3,0.5,111.0,117.2,3385,7413,0.457,881,2669,0.33,2504,4744,0.528,0.516,1447,1933,0.749,0.195,901,23.8,2751,75.5,3652,44.5,,2062,,25.1,634,,7.7,425,,5.2,1164,,14.2,1661,20.3,9098,111.0,27,14,Not Qualified,0,0
104,2023,Detroit Pistons,Little Caesars Arena,82,17,65,0.207,19805,99.0,-0.1,110.7,-4.1,118.9,4.1,110.3,118.5,3244,7140,0.454,934,2659,0.351,2310,4481,0.516,0.52,1623,2106,0.771,0.227,916,24.9,2564,74.0,3480,42.4,,1884,,23.0,574,,7.0,308,,3.8,1237,,15.1,1813,22.1,9045,110.3,30,15,Not Qualified,0,0
105,2023,Denver Nuggets,Ball Arena,82,53,29,0.646,19755,98.1,-1.0,117.6,2.8,114.2,-0.6,115.8,112.5,3574,7088,0.504,969,2559,0.379,2605,4529,0.575,0.573,1378,1834,0.751,0.194,828,24.8,2699,76.4,3527,43.0,,2368,,28.9,618,,7.5,368,,4.5,1192,,14.5,1525,18.6,9495,115.8,4,1,Finals,1,1
106,2023,Memphis Grizzlies,FedEx Forum,82,51,31,0.622,19780,101.1,2.0,115.1,0.3,111.2,-3.6,116.9,113.0,3585,7551,0.475,985,2807,0.351,2600,4744,0.548,0.54,1432,1954,0.733,0.19,988,26.5,2835,75.9,3823,46.6,,2135,,26.0,680,,8.3,473,,5.8,1116,,13.6,1643,20.0,9587,116.9,6,2,Western Conference First Round,0,0
107,2023,Sacramento Kings,Golden 1 Center,82,48,34,0.585,19830,100.3,1.2,119.4,4.6,116.8,2.0,120.7,118.1,3573,7232,0.494,1128,3060,0.369,2445,4172,0.586,0.572,1624,2055,0.79,0.225,782,22.7,2699,77.2,3481,42.5,,2237,,27.3,574,,7.0,275,,3.4,1106,,13.5,1616,19.7,9898,120.7,7,3,Western Conference First Round,0,0
108,2023,Phoenix Suns,Footprint Center,82,45,37,0.549,19780,98.2,-0.9,115.1,0.3,113.0,-1.8,113.6,111.6,3453,7388,0.467,1001,2674,0.374,2452,4714,0.52,0.535,1412,1781,0.793,0.191,971,26.6,2657,76.0,3628,44.2,,2235,,27.3,585,,7.1,432,,5.3,1110,,13.5,1739,21.2,9319,113.6,10,4,Western Conference Semifinals,0,0
109,2023,Los Angeles Clippers,Crypto.com Arena,82,44,38,0.537,19830,98.0,-1.1,115.0,0.2,114.5,-0.3,113.6,113.1,3370,7059,0.477,1041,2735,0.381,2329,4324,0.539,0.551,1533,1962,0.781,0.217,803,22.9,2742,76.6,3545,43.2,,1959,,23.9,580,,7.1,364,,4.4,1167,,14.2,1598,19.5,9314,113.6,12,5,Western Conference First Round,0,0
110,2023,Golden State Warriors,Chase Center,82,44,38,0.537,19830,101.6,2.5,116.1,1.3,114.4,-0.4,118.9,117.1,3538,7393,0.479,1363,3540,0.385,2175,3853,0.564,0.571,1314,1655,0.794,0.178,864,24.4,2793,76.0,3657,44.6,,2446,,29.8,588,,7.2,323,,3.9,1336,,16.3,1757,21.4,9753,118.9,13,6,Western Conference Semifinals,0,0
111,2023,Los Angeles Lakers,Crypto.com Arena,82,43,39,0.524,19880,101.3,2.2,114.5,-0.3,113.9,-0.9,117.2,116.6,3516,7298,0.482,885,2558,0.346,2631,4740,0.555,0.542,1691,2182,0.775,0.232,818,22.8,2930,76.3,3748,45.7,,2072,,25.3,526,,6.4,378,,4.6,1154,,14.1,1466,17.9,9608,117.2,14,7,Western Conference Finals,0,0
112,2023,Minnesota Timberwolves,Target Center,82,42,40,0.512,19830,101.0,1.9,113.7,-1.1,113.8,-1.0,115.8,115.8,3515,7167,0.49,997,2731,0.365,2518,4436,0.568,0.56,1467,1942,0.755,0.205,749,21.5,2686,74.3,3435,41.9,,2145,,26.2,657,,8.0,444,,5.4,1258,,15.3,1768,21.6,9494,115.8,15,8,Western Conference First Round,0,0
113,2023,New Orleans Pelicans,Smoothie King Center,82,42,40,0.512,19855,99.1,0.0,114.4,-0.4,112.5,-2.3,114.4,112.5,3447,7180,0.48,899,2468,0.364,2548,4712,0.541,0.543,1585,2000,0.793,0.221,866,24.7,2717,77.4,3583,43.7,,2122,,25.9,681,,8.3,337,,4.1,1196,,14.6,1678,20.5,9378,114.4,16,9,Not Qualified,0,0
114,2023,Oklahoma City Thunder,Paycom Center,82,40,42,0.488,19855,101.1,2.0,115.2,0.4,114.2,-0.6,117.5,116.4,3533,7590,0.465,995,2797,0.356,2538,4793,0.53,0.531,1572,1944,0.809,0.207,934,24.7,2645,72.9,3579,43.6,,2002,,24.4,676,,8.2,341,,4.2,1069,,13.0,1722,21.0,9633,117.5,20,10,Not Qualified,0,0
115,2023,Dallas Mavericks,American Airlines Center,82,38,44,0.463,19930,96.6,-2.5,116.8,2.0,116.7,1.9,114.2,114.1,3283,6909,0.475,1246,3362,0.371,2037,3547,0.574,0.565,1554,2057,0.755,0.225,625,18.0,2556,75.5,3181,38.8,,1880,,22.9,514,,6.3,304,,3.7,1002,,12.2,1697,20.7,9366,114.2,21,11,Not Qualified,0,0
116,2023,Utah Jazz,Vivint Arena,82,37,45,0.451,19805,100.5,1.4,115.8,1.0,116.7,1.9,117.1,118.0,3485,7365,0.473,1094,3099,0.353,2391,4266,0.56,0.547,1536,1955,0.786,0.209,968,26.8,2794,75.2,3762,45.9,,2129,,26.0,500,,6.1,429,,5.2,1259,,15.4,1679,20.5,9600,117.1,22,12,Not Qualified,0,0
117,2023,Portland Trail Blazers,Moda Center,82,33,49,0.402,19730,98.6,-0.5,114.8,0.0,118.8,4.0,113.4,117.4,3317,7001,0.474,1056,2893,0.365,2261,4108,0.55,0.549,1609,2021,0.796,0.23,774,22.4,2551,74.9,3325,40.5,,1981,,24.2,553,,6.7,376,,4.6,1185,,14.5,1643,20.0,9299,113.4,26,13,Not Qualified,0,0
118,2023,Houston Rockets,Toyota Center,82,22,60,0.268,19755,99.0,-0.1,111.4,-3.4,119.3,4.5,110.7,118.6,3329,7287,0.457,856,2619,0.327,2473,4668,0.53,0.516,1567,2078,0.754,0.215,1100,30.2,2695,75.8,3795,46.3,,1835,,22.4,600,,7.3,374,,4.6,1332,,16.2,1679,20.5,9081,110.7,28,14,Not Qualified,0,0
119,2023,San Antonio Spurs,AT&T Center,82,22,60,0.268,19855,101.6,2.5,110.2,-4.6,120.0,5.2,113.0,123.1,3533,7593,0.465,911,2640,0.345,2622,4953,0.529,0.525,1292,1739,0.743,0.17,965,25.6,2619,74.9,3584,43.7,,2232,,27.2,572,,7.0,322,,3.9,1253,,15.3,1630,19.9,9269,113.0,29,15,Not Qualified,0,0
120,2024,Boston Celtics,TD Garden,82,64,18,0.78,19830,97.2,-1.3,123.2,7.9,111.6,-3.7,120.6,109.2,3601,7396,0.487,1351,3482,0.388,2250,3914,0.575,0.578,1334,1654,0.807,0.18,876,24.9,2923,76.3,3799,46.3,,2207,,26.9,557,,6.8,538,,6.6,979,,11.9,1326,16.2,9887,120.6,1,1,Finals,1,1
121,2024,New York Knicks,Madison Square Garden (IV),82,50,32,0.61,19730,95.2,-3.3,118.2,2.9,113.4,-1.9,112.8,108.2,3385,7272,0.465,1083,2936,0.369,2302,4336,0.531,0.54,1396,1789,0.78,0.192,1039,29.4,2665,76.1,3704,45.2,,1998,,24.4,612,,7.5,336,,4.1,1085,,13.2,1447,17.6,9249,112.8,6,2,Eastern Conference Semifinals,0,0
122,2024,Milwaukee Bucks,Fiserv Forum,82,49,33,0.598,19805,99.9,1.4,118.4,3.1,115.8,0.5,119.0,116.4,3538,7258,0.487,1163,3122,0.373,2375,4136,0.574,0.568,1517,1960,0.774,0.209,772,21.8,2850,77.2,3622,44.2,,2176,,26.5,558,,6.8,413,,5.0,1059,,12.9,1574,19.2,9756,119.0,8,3,Eastern Conference First Round,0,0
123,2024,Cleveland Cavaliers,Rocket Mortgage Fieldhouse,82,48,34,0.585,19805,97.2,-1.3,115.2,-0.1,112.7,-2.6,112.6,110.2,3425,7148,0.479,1108,3016,0.367,2317,4132,0.561,0.557,1278,1671,0.765,0.179,807,23.2,2742,76.9,3549,43.3,,2299,,28.0,605,,7.4,380,,4.6,1112,,13.6,1436,17.5,9236,112.6,11,4,Eastern Conference Semifinals,0,0
124,2024,Orlando Magic,Kia Center,82,47,35,0.573,19780,96.9,-1.6,113.4,-1.9,111.3,-4.0,110.5,108.4,3318,6964,0.476,903,2568,0.352,2415,4396,0.549,0.541,1519,2002,0.759,0.218,861,25.3,2608,78.1,3469,42.3,,2023,,24.7,669,,8.2,423,,5.2,1206,,14.7,1618,19.7,9058,110.5,12,5,Eastern Conference First Round,0,0
125,2024,Indiana Pacers,Gainbridge Fieldhouse,82,47,35,0.573,19705,101.7,3.2,121.0,5.7,118.0,2.7,123.3,120.2,3855,7599,0.507,1082,2891,0.374,2773,4708,0.589,0.578,1318,1685,0.782,0.173,827,23.8,2578,74.1,3405,41.5,,2522,,30.8,631,,7.7,481,,5.9,1059,,12.9,1756,21.4,10110,123.3,13,6,Eastern Conference Finals,0,0
126,2024,Philadelphia 76ers,Wells Fargo Center,82,47,35,0.573,19780,97.5,-1.0,116.9,1.6,113.8,-1.5,114.6,111.5,3404,7331,0.464,992,2733,0.363,2412,4598,0.525,0.532,1597,1934,0.826,0.218,906,24.8,2616,74.3,3522,43.0,,2041,,24.9,694,,8.5,492,,6.0,984,,12.0,1668,20.3,9397,114.6,14,7,Eastern Conference First Round,0,0
127,2024,Miami Heat,Kaseya Center,82,46,36,0.561,19755,96.2,-2.3,114.0,-1.3,112.2,-3.1,110.1,108.4,3266,7022,0.465,1022,2765,0.37,2244,4257,0.527,0.538,1478,1806,0.818,0.21,766,21.8,2702,78.1,3468,42.3,,2116,,25.8,617,,7.5,280,,3.4,1038,,12.7,1415,17.3,9032,110.1,16,8,Eastern Conference First Round,0,0
128,2024,Chicago Bulls,United Center,82,39,43,0.476,19980,96.3,-2.2,114.9,-0.4,116.3,1.0,112.3,113.7,3448,7339,0.47,941,2630,0.358,2507,4709,0.532,0.534,1369,1731,0.791,0.187,916,25.1,2677,76.4,3593,43.8,,2048,,25.0,638,,7.8,394,,4.8,1004,,12.2,1541,18.8,9206,112.3,20,9,Not Qualified,0,0
129,2024,Atlanta Hawks,State Farm Arena,82,36,46,0.439,19855,100.1,1.6,117.2,1.9,119.4,4.1,118.3,120.5,3529,7584,0.465,1125,3092,0.364,2404,4492,0.535,0.539,1520,1906,0.797,0.2,1024,27.1,2639,75.2,3663,44.7,,2180,,26.6,615,,7.5,369,,4.5,1110,,13.5,1522,18.6,9703,118.3,21,10,Not Qualified,0,0
130,2024,Brooklyn Nets,Barclays Center,82,32,50,0.39,19805,96.9,-1.6,113.2,-2.1,116.1,0.8,110.4,113.3,3334,7307,0.456,1089,3010,0.362,2245,4297,0.522,0.531,1293,1711,0.756,0.177,938,25.2,2675,76.0,3613,44.1,,2102,,25.6,556,,6.8,424,,5.2,1076,,13.1,1516,18.5,9050,110.4,22,11,Not Qualified,0,0
131,2024,Toronto Raptors,Scotiabank Arena,82,25,57,0.305,19805,99.4,0.9,112.3,-3.0,118.8,3.5,112.4,118.8,3466,7356,0.471,942,2712,0.347,2524,4644,0.543,0.535,1339,1772,0.756,0.182,891,24.2,2607,73.9,3498,42.7,,2335,,28.5,634,,7.7,388,,4.7,1147,,14.0,1509,18.4,9213,112.4,25,12,Not Qualified,0,0
132,2024,Charlotte Hornets,Spectrum Center,82,21,61,0.256,19730,97.3,-1.2,109.3,-6.0,119.8,4.5,106.6,116.8,3281,7133,0.46,989,2788,0.355,2292,4345,0.528,0.529,1189,1512,0.786,0.167,765,21.1,2538,74.5,3303,40.3,,2033,,24.8,562,,6.9,371,,4.5,1129,,13.8,1472,18.0,8740,106.6,27,13,Not Qualified,0,0
133,2024,Washington Wizards,Capital One Arena,82,15,67,0.183,19730,102.7,4.2,110.5,-4.8,119.6,4.3,113.7,123.0,3523,7493,0.47,1015,2915,0.348,2508,4578,0.548,0.538,1266,1657,0.764,0.169,755,20.0,2613,72.5,3368,41.1,,2288,,27.9,623,,7.6,415,,5.1,1147,,14.0,1637,20.0,9327,113.7,29,14,Not Qualified,0,0
134,2024,Detroit Pistons,Little Caesars Arena,82,14,68,0.171,19755,99.8,1.3,109.7,-5.6,118.8,3.5,109.9,119.0,3353,7236,0.463,906,2602,0.348,2447,4634,0.528,0.526,1398,1780,0.785,0.193,861,23.9,2692,77.3,3553,43.3,,2088,,25.5,531,,6.5,384,,4.7,1248,,15.2,1688,20.6,9010,109.9,30,15,Not Qualified,0,0
135,2024,Oklahoma City Thunder,Paycom Center,82,57,25,0.695,19805,99.8,1.3,119.5,4.2,112.1,-3.2,120.1,112.7,3653,7324,0.499,1090,2805,0.389,2563,4519,0.567,0.573,1451,1759,0.825,0.198,722,21.1,2725,73.8,3447,42.0,,2223,,27.1,694,,8.5,538,,6.6,1039,,12.7,1545,18.8,9847,120.1,2,1,Western Conference Semifinals,0,0
136,2024,Denver Nuggets,Ball Arena,82,57,25,0.695,19705,96.8,-1.7,118.5,3.2,113.0,-2.3,114.9,109.6,3610,7279,0.496,958,2560,0.374,2652,4719,0.562,0.562,1240,1628,0.762,0.17,881,25.5,2763,75.6,3644,44.4,,2415,,29.5,585,,7.1,457,,5.6,1036,,12.6,1489,18.2,9418,114.9,3,2,Western Conference Semifinals,0,0
137,2024,Minnesota Timberwolves,Target Center,82,56,26,0.683,19805,97.1,-1.4,115.6,0.3,109.0,-6.3,113.0,106.5,3383,6974,0.485,1037,2681,0.387,2346,4293,0.546,0.559,1461,1881,0.777,0.209,770,23.2,2807,76.9,3577,43.6,,2184,,26.6,647,,7.9,497,,6.1,1162,,14.2,1544,18.8,9264,113.0,4,3,Western Conference Finals,0,0
138,2024,Los Angeles Clippers,Crypto.com Arena,82,51,31,0.622,19705,97.2,-1.3,118.8,3.5,115.4,0.1,115.6,112.3,3473,7108,0.489,1036,2719,0.381,2437,4389,0.555,0.561,1499,1817,0.825,0.211,822,24.4,2701,74.8,3523,43.0,,2097,,25.6,640,,7.8,413,,5.0,1078,,13.1,1519,18.5,9481,115.6,5,4,Western Conference First Round,0,0
139,2024,Dallas Mavericks,American Airlines Center,82,50,32,0.61,19705,100.1,1.6,117.6,2.3,115.4,0.1,117.9,115.6,3535,7352,0.481,1197,3242,0.369,2338,4110,0.569,0.562,1397,1842,0.758,0.19,797,22.2,2724,75.2,3521,42.9,,2106,,25.7,563,,6.9,406,,5.0,1027,,12.5,1500,18.3,9664,117.9,7,5,Finals,1,0
140,2024,Phoenix Suns,Footprint Center,82,49,33,0.598,19780,98.3,-0.2,117.6,2.3,114.6,-0.7,116.2,113.2,3482,7063,0.493,1020,2671,0.382,2462,4392,0.561,0.565,1548,1915,0.808,0.219,831,25.0,2783,75.6,3614,44.1,,2218,,27.0,610,,7.4,492,,6.0,1221,,14.9,1475,18.0,9532,116.2,9,6,Western Conference First Round,0,0
141,2024,New Orleans Pelicans,Smoothie King Center,82,49,33,0.598,19705,97.9,-0.6,117.4,2.1,112.9,-2.4,115.1,110.7,3484,7165,0.486,1023,2673,0.383,2461,4492,0.548,0.558,1445,1873,0.771,0.202,852,24.4,2753,76.9,3605,44.0,,2210,,27.0,684,,8.3,378,,4.6,1067,,13.0,1508,18.4,9436,115.1,10,7,Western Conference First Round,0,0
142,2024,Los Angeles Lakers,Crypto.com Arena,82,47,35,0.573,19855,100.9,2.4,115.9,0.6,115.3,0.0,118.0,117.4,3580,7177,0.499,969,2572,0.377,2611,4605,0.567,0.566,1550,1983,0.782,0.216,676,19.9,2859,76.2,3535,43.1,,2340,,28.5,605,,7.4,453,,5.5,1146,,14.0,1283,15.6,9679,118.0,15,8,Western Conference First Round,0,0
143,2024,Sacramento Kings,Golden 1 Center,82,46,36,0.561,19855,98.8,0.3,116.9,1.6,115.2,-0.1,116.6,114.8,3553,7455,0.477,1178,3219,0.366,2375,4236,0.561,0.556,1274,1710,0.745,0.171,888,24.5,2719,78.4,3607,44.0,,2324,,28.3,625,,7.6,342,,4.2,1078,,13.1,1632,19.9,9558,116.6,17,9,Not Qualified,0,0
144,2024,Golden State Warriors,Chase Center,82,46,36,0.561,19830,99.2,0.7,117.8,2.5,115.2,-0.1,117.8,115.2,3582,7515,0.477,1211,3191,0.38,2371,4324,0.548,0.557,1282,1644,0.78,0.171,996,27.5,2834,76.1,3830,46.7,,2402,,29.3,572,,7.0,377,,4.6,1174,,14.3,1598,19.5,9657,117.8,18,10,Not Qualified,0,0
145,2024,Houston Rockets,Toyota Center,82,41,41,0.5,19855,99.0,0.5,114.5,-0.8,113.4,-1.9,114.3,113.2,3425,7459,0.459,1043,2964,0.352,2382,4495,0.53,0.529,1482,1916,0.773,0.199,940,25.1,2787,76.0,3727,45.5,,2035,,24.8,639,,7.8,375,,4.6,1045,,12.7,1702,20.8,9375,114.3,19,11,Not Qualified,0,0
146,2024,Utah Jazz,Delta Center,82,31,51,0.378,19805,99.5,1.0,115.5,0.2,120.4,5.1,115.7,120.5,3443,7371,0.467,1060,2993,0.354,2383,4378,0.544,0.539,1538,1853,0.83,0.209,1002,28.1,2725,75.2,3727,45.5,,2232,,27.2,537,,6.5,458,,5.6,1285,,15.7,1523,18.6,9484,115.7,23,12,Not Qualified,0,0
147,2024,Memphis Grizzlies,FedEx Forum,82,27,55,0.329,19780,98.2,-0.3,107.2,-8.1,114.3,-1.0,105.8,112.8,3145,7230,0.435,1071,3097,0.346,2074,4133,0.502,0.509,1316,1722,0.764,0.182,896,23.8,2598,74.8,3494,42.6,,2025,,24.7,673,,8.2,501,,6.1,1236,,15.1,1563,19.1,8677,105.8,24,13,Not Qualified,0,0
148,2024,San Antonio Spurs,Frost Bank Center,82,22,60,0.268,19830,101.1,2.6,110.0,-5.3,116.4,1.1,112.1,118.6,3438,7436,0.462,1036,2983,0.347,2402,4453,0.539,0.532,1280,1637,0.782,0.172,849,22.9,2778,76.4,3627,44.2,,2449,,29.9,584,,7.1,520,,6.3,1242,,15.1,1414,17.2,9192,112.1,26,14,Not Qualified,0,0
149,2024,Portland Trail Blazers,Moda Center,82,21,61,0.256,19880,97.2,-1.3,108.3,-7.0,117.5,2.2,106.4,115.4,3227,7356,0.439,939,2723,0.345,2288,4633,0.494,0.503,1329,1680,0.791,0.181,1036,27.5,2469,74.0,3505,42.7,,1894,,23.1,627,,7.6,354,,4.3,1249,,15.2,1654,20.2,8722,106.4,28,15,Not Qualified,0,0
150,2025,Cleveland Cavaliers,Rocket Arena,82,64,18,0.78,19755,99.8,1.0,121.7,7.2,112.2,-2.3,121.9,112.4,3652,7444,0.491,1303,3401,0.383,2349,4043,0.581,0.578,1392,1793,0.776,0.187,917,25.9,2806,74.8,3723,45.4,,2304,,28.1,670,,8.2,350,,4.3,1082,,13.2,1487,18.1,9999,121.9,2,1,Eastern Conference Semifinals,0,0
151,2025,Boston Celtics,TD Garden,82,61,21,0.744,19830,95.7,-3.1,120.6,6.1,111.1,-3.4,116.3,107.2,3413,7382,0.462,1457,3955,0.368,1956,3427,0.571,0.561,1251,1565,0.799,0.169,933,25.7,2783,76.0,3716,45.3,,2144,,26.1,589,,7.2,452,,5.5,973,,11.9,1303,15.9,9534,116.3,3,2,Eastern Conference Semifinals,0,0
152,2025,New York Knicks,Madison Square Garden (IV),82,51,31,0.622,19880,96.7,-2.1,118.5,4.0,114.3,-0.2,115.8,111.7,3553,7315,0.486,1031,2794,0.369,2522,4521,0.558,0.556,1357,1696,0.8,0.186,890,26.0,2607,74.5,3497,42.6,,2254,,27.5,671,,8.2,324,,4.0,1088,,13.3,1407,17.2,9494,115.8,5,3,Eastern Conference Finals,0,0
153,2025,Indiana Pacers,Gainbridge Fieldhouse,82,50,32,0.61,19855,99.9,1.1,116.5,2.0,114.3,-0.2,117.4,115.1,3574,7326,0.488,1081,2934,0.368,2493,4392,0.568,0.562,1395,1768,0.789,0.19,752,21.3,2678,74.5,3430,41.8,,2398,,29.2,694,,8.5,448,,5.5,1082,,13.2,1533,18.7,9624,117.4,6,4,Finals,1,0
154,2025,Milwaukee Bucks,Fiserv Forum,82,48,34,0.585,19755,99.3,0.5,115.9,1.4,113.4,-1.1,115.5,113.0,3445,7082,0.486,1161,3003,0.387,2284,4079,0.56,0.568,1421,1895,0.75,0.201,674,19.3,2882,76.2,3556,43.4,,2090,,25.5,601,,7.3,384,,4.7,1097,,13.4,1469,17.9,9472,115.5,11,5,Eastern Conference First Round,0,0
155,2025,Detroit Pistons,Little Caesars Arena,82,44,38,0.537,19805,99.8,1.0,115.0,0.5,113.1,-1.4,115.5,113.6,3503,7363,0.476,1051,2901,0.362,2452,4462,0.55,0.547,1414,1826,0.774,0.192,931,26.2,2739,76.0,3670,44.8,,2165,,26.4,652,,8.0,431,,5.3,1219,,14.9,1695,20.7,9471,115.5,14,6,Eastern Conference First Round,0,0
156,2025,Orlando Magic,Kia Center,82,41,41,0.5,19730,96.1,-2.7,109.4,-5.1,109.6,-4.9,105.4,105.5,3130,7034,0.445,921,2892,0.318,2209,4142,0.533,0.51,1464,1890,0.775,0.208,914,25.3,2517,77.0,3431,41.8,,1887,,23.0,729,,8.9,488,,6.0,1165,,14.2,1648,20.1,8645,105.4,15,7,Eastern Conference First Round,0,0
157,2025,Atlanta Hawks,State Farm Arena,82,40,42,0.488,19780,102.6,3.8,114.6,0.1,115.7,1.2,118.2,119.3,3556,7528,0.472,1107,3089,0.358,2449,4439,0.552,0.546,1472,1900,0.775,0.196,974,26.3,2675,76.0,3649,44.5,,2426,,29.6,798,,9.7,419,,5.1,1273,,15.5,1564,19.1,9691,118.2,16,8,Not Qualified,0,0
158,2025,Chicago Bulls,United Center,82,39,43,0.476,19755,102.8,4.0,114.1,-0.4,115.6,1.1,117.8,119.4,3543,7545,0.47,1266,3447,0.367,2277,4098,0.556,0.553,1308,1617,0.809,0.173,825,22.3,2935,76.6,3760,45.9,,2383,,29.1,621,,7.6,386,,4.7,1203,,14.7,1444,17.6,9660,117.8,18,9,Not Qualified,0,0
159,2025,Miami Heat,Kaseya Center,82,37,45,0.451,19930,96.2,-2.6,113.5,-1.0,112.9,-1.6,110.6,110.0,3318,7138,0.465,1124,3060,0.367,2194,4078,0.538,0.544,1309,1654,0.791,0.183,798,22.3,2760,75.8,3558,43.4,,2166,,26.4,668,,8.1,314,,3.8,1114,,13.6,1275,15.5,9069,110.6,20,10,Eastern Conference First Round,0,0
160,2025,Toronto Raptors,Scotiabank Arena,82,30,52,0.366,19805,99.7,0.9,110.5,-4.0,114.8,0.3,110.9,115.2,3414,7462,0.458,969,2786,0.348,2445,4676,0.523,0.522,1294,1729,0.748,0.173,1034,27.3,2666,73.9,3700,45.1,,2340,,28.5,664,,8.1,348,,4.2,1257,,15.3,1738,21.2,9091,110.9,24,11,Not Qualified,0,0
161,2025,Brooklyn Nets,Barclays Center,82,26,56,0.317,19780,96.4,-2.4,108.5,-6.0,115.8,1.3,105.1,112.2,3086,7060,0.437,1113,3232,0.344,1973,3828,0.515,0.516,1334,1696,0.787,0.189,894,24.5,2493,75.0,3387,41.3,,2063,,25.2,639,,7.8,352,,4.3,1244,,15.2,1698,20.7,8619,105.1,25,12,Not Qualified,0,0
162,2025,Philadelphia 76ers,Wells Fargo Center,82,24,58,0.293,19805,97.4,-1.4,111.9,-2.6,118.2,3.7,109.6,115.8,3254,7168,0.454,1041,3050,0.341,2213,4118,0.537,0.527,1439,1844,0.78,0.201,852,23.4,2411,71.8,3263,39.8,,1901,,23.2,752,,9.2,366,,4.5,1117,,13.6,1556,19.0,8988,109.6,26,13,Not Qualified,0,0
163,2025,Charlotte Hornets,Spectrum Center,82,19,63,0.232,19755,97.6,-1.2,107.3,-7.2,116.6,2.1,105.1,114.2,3142,7308,0.43,1065,3143,0.339,2077,4165,0.499,0.503,1269,1621,0.783,0.174,1003,26.5,2703,74.5,3706,45.2,,1994,,24.3,607,,7.4,368,,4.5,1271,,15.5,1535,18.7,8618,105.1,28,14,Not Qualified,0,0
164,2025,Washington Wizards,Capital One Arena,82,18,64,0.22,19730,100.9,2.1,106.8,-7.7,119.1,4.6,108.0,120.4,3233,7371,0.439,1075,3210,0.335,2158,4161,0.519,0.512,1315,1690,0.778,0.178,867,22.7,2716,71.9,3583,43.7,,2058,,25.1,623,,7.6,420,,5.1,1276,,15.6,1618,19.7,8856,108.0,29,15,Not Qualified,0,0
165,2025,Oklahoma City Thunder,Paycom Center,82,68,14,0.829,19705,100.0,1.2,120.3,5.8,107.5,-7.0,120.5,107.6,3660,7600,0.482,1192,3184,0.374,2468,4416,0.559,0.56,1369,1672,0.819,0.18,871,24.2,2801,74.6,3672,44.8,,2202,,26.9,847,,10.3,465,,5.7,961,,11.7,1631,19.9,9881,120.5,1,1,Finals,1,1
166,2025,Houston Rockets,Toyota Center,82,52,30,0.634,19780,98.6,-0.2,115.3,0.8,110.8,-3.7,114.3,109.8,3484,7659,0.455,1038,2938,0.353,2446,4721,0.518,0.523,1366,1851,0.738,0.178,1200,31.7,2774,76.2,3974,48.5,,1914,,23.3,689,,8.4,411,,5.0,1139,,13.9,1557,19.0,9372,114.3,4,2,Western Conference First Round,0,0
167,2025,Los Angeles Lakers,Crypto.com Arena,82,50,32,0.61,19730,97.6,-1.2,115.9,1.4,114.7,0.2,113.4,112.2,3356,7007,0.479,1092,2981,0.366,2264,4026,0.562,0.557,1494,1902,0.785,0.213,792,23.3,2687,74.5,3479,42.4,,2131,,26.0,633,,7.7,367,,4.5,1145,,14.0,1415,17.3,9298,113.4,7,3,Western Conference First Round,0,0
168,2025,Denver Nuggets,Ball Arena,82,50,32,0.61,19855,99.8,1.0,119.9,5.4,116.0,1.5,120.8,116.9,3724,7360,0.506,984,2619,0.376,2740,4741,0.578,0.573,1470,1909,0.77,0.2,919,26.7,2832,74.6,3751,45.7,,2542,,31.0,656,,8.0,402,,4.9,1169,,14.3,1444,17.6,9902,120.8,8,4,Western Conference Semifinals,0,0
169,2025,Los Angeles Clippers,Intuit Dome,82,50,32,0.61,19805,97.5,-1.3,115.1,0.6,110.3,-4.2,112.9,108.2,3409,7075,0.482,1022,2738,0.373,2387,4337,0.55,0.554,1416,1776,0.797,0.2,841,24.4,2750,77.5,3591,43.8,,2064,,25.2,773,,9.4,370,,4.5,1220,,14.9,1503,18.3,9256,112.9,9,5,Western Conference First Round,0,0
170,2025,Minnesota Timberwolves,Target Center,82,49,33,0.598,19830,97.3,-1.5,116.6,2.1,111.5,-3.0,114.3,109.3,3364,7182,0.468,1233,3269,0.377,2131,3913,0.545,0.554,1411,1789,0.789,0.196,908,25.8,2726,75.1,3634,44.3,,2142,,26.1,654,,8.0,406,,5.0,1186,,14.5,1498,18.3,9372,114.3,10,6,Western Conference Finals,0,0
171,2025,Golden State Warriors,Chase Center,82,48,34,0.585,19730,98.7,-0.1,115.0,0.5,111.7,-2.8,113.8,110.5,3342,7412,0.451,1264,3475,0.364,2078,3937,0.528,0.536,1383,1811,0.764,0.187,1029,27.3,2692,75.6,3721,45.4,,2386,,29.1,771,,9.4,391,,4.8,1152,,14.0,1571,19.2,9331,113.8,12,7,Western Conference Semifinals,0,0
172,2025,Memphis Grizzlies,FedEx Forum,82,48,34,0.585,19705,103.3,4.5,117.7,3.2,113.0,-1.5,121.7,116.9,3670,7654,0.479,1141,3106,0.367,2529,4548,0.556,0.554,1499,1908,0.786,0.196,1056,28.7,2819,74.9,3875,47.3,,2330,,28.4,726,,8.9,462,,5.6,1285,,15.7,1711,20.9,9980,121.7,13,8,Western Conference First Round,0,0
173,2025,Sacramento Kings,Golden 1 Center,82,40,42,0.488,19880,98.2,-0.6,116.7,2.2,116.2,1.7,115.7,115.3,3529,7385,0.478,1032,2887,0.357,2497,4498,0.555,0.548,1400,1738,0.806,0.19,901,25.4,2723,76.9,3624,44.2,,2169,,26.5,620,,7.6,357,,4.4,1092,,13.3,1548,18.9,9490,115.7,17,9,Not Qualified,0,0
174,2025,Dallas Mavericks,American Airlines Center,82,39,43,0.476,19730,99.2,0.4,114.8,0.3,116.0,1.5,114.2,115.4,3443,7194,0.479,1020,2801,0.364,2423,4393,0.552,0.549,1458,1894,0.77,0.203,828,23.3,2702,73.1,3530,43.0,,2070,,25.2,636,,7.8,445,,5.4,1151,,14.0,1458,17.8,9364,114.2,19,10,Not Qualified,0,0
175,2025,Phoenix Suns,Footprint Center,82,36,46,0.439,19830,97.1,-1.7,116.2,1.7,119.3,4.8,113.6,116.6,3381,7075,0.478,1176,3112,0.378,2205,3963,0.556,0.561,1379,1702,0.81,0.195,783,22.6,2701,74.1,3484,42.5,,2277,,27.8,593,,7.2,392,,4.8,1153,,14.1,1471,17.9,9317,113.6,21,11,Not Qualified,0,0
176,2025,Portland Trail Blazers,Moda Center,82,36,46,0.439,19780,98.8,0.0,111.7,-2.8,114.7,0.2,110.9,113.9,3325,7396,0.45,1057,3095,0.342,2268,4301,0.527,0.521,1386,1820,0.762,0.187,1095,29.2,2576,72.5,3671,44.8,,1952,,23.8,678,,8.3,433,,5.3,1309,,16.0,1558,19.0,9093,110.9,22,12,Not Qualified,0,0
177,2025,San Antonio Spurs,Frost Bank Center,82,34,48,0.415,19730,99.3,0.5,114.4,-0.1,117.2,2.7,113.9,116.7,3426,7362,0.465,1158,3246,0.357,2268,4116,0.551,0.544,1332,1721,0.774,0.181,896,24.3,2685,73.0,3581,43.7,,2348,,28.6,674,,8.2,455,,5.5,1138,,13.9,1363,16.6,9342,113.9,23,13,Not Qualified,0,0
178,2025,New Orleans Pelicans,Smoothie King Center,82,21,61,0.256,19755,99.1,0.3,110.4,-4.1,119.9,5.4,109.8,119.3,3332,7368,0.452,986,2839,0.347,2346,4529,0.518,0.519,1356,1799,0.754,0.184,993,26.3,2583,72.7,3576,43.6,,2119,,25.8,701,,8.5,429,,5.2,1201,,14.6,1499,18.3,9006,109.8,27,14,Not Qualified,0,0
179,2025,Utah Jazz,Delta Center,82,17,65,0.207,19805,100.0,1.2,111.2,-3.3,120.4,5.9,111.9,121.2,3305,7272,0.454,1144,3267,0.35,2161,4005,0.54,0.533,1421,1836,0.774,0.195,983,26.9,2741,74.1,3724,45.4,,2093,,25.5,555,,6.8,360,,4.4,1412,,17.2,1549,18.9,9175,111.9,30,15,Not Qualified,0,0
